subreddit,unique_posts,mean_compound,median_compound,mean_ci95_low,mean_ci95_high,positive,neutral,negative,positive_share,negative_share,source_type
gradadmissions,3104,0.08499368556701062,0,0.07455836554692807,0.09542900558709316,952,1783,369,0.30670103092783507,0.11887886597938144,General forum
GradSchool,584,0.09506729452054791,0,0.07158696101688374,0.11854762802421208,191,313,80,0.3270547945205479,0.136986301369863,General forum
UofT,160,0.15495375,0,0.1020019127473959,0.2079055872526041,75,64,21,0.46875,0.13125,School forum
berkeley,126,0.07194603174603174,0,0.01674359328984633,0.12714847020221715,33,76,17,0.2619047619047619,0.1349206349206349,School forum
unimelb,116,0.06989051724137932,0,0.02844208599372211,0.11133894848903653,22,87,7,0.1896551724137931,0.0603448275862069,School forum
Imperial,111,0.10224054054054053,0,0.06160027459506212,0.14288080648601895,38,66,7,0.34234234234234234,0.06306306306306306,School forum
LSE,108,0.12391111111111114,0,0.07116609708294296,0.1766561251392793,42,56,10,0.3888888888888889,0.09259259259259259,School forum
UBC,107,0.1638411214953271,0,0.10971876640185213,0.21796347658880205,42,59,6,0.3925233644859813,0.056074766355140186,School forum
unsw,64,0.102646875,0,0.03939055390642543,0.16590319609357457,19,41,4,0.296875,0.0625,School forum
UCL,51,0.19281568627450982,0,0.12149014472243234,0.2641412278265873,24,24,3,0.47058823529411764,0.058823529411764705,School forum
ethz,47,0.13853829787234043,0,0.06816339400394401,0.20891320174073685,18,27,2,0.3829787234042553,0.0425531914893617,School forum
mcgill,35,0.051682857142857135,0,-0.016335712968685377,0.11970142725439964,9,22,4,0.2571428571428571,0.11428571428571428,School forum
stanford,27,0.09712962962962965,0,-0.014460695691987782,0.20871995495124707,6,19,2,0.2222222222222222,0.07407407407407407,School forum
Edinburgh_University,24,0.10447083333333333,0,-0.005674426072566602,0.21461609273923327,7,16,1,0.2916666666666667,0.041666666666666664,School forum
manchester_uni,21,0.10386190476190478,0,0.012912088233350008,0.19481172129045954,5,16,0,0.23809523809523808,0,School forum
oxforduni,13,0.20221538461538463,0,0.0568963566692717,0.34753441256149753,6,7,0,0.46153846153846156,0,School forum
sustainability,6,0.13766666666666666,0,-0.13215999999999994,0.40749333333333326,1,5,0,0.16666666666666666,0,General forum
LundUni,5,0.10928,0,-0.021883317154759427,0.24044331715475942,2,3,0,0.4,0,School forum
sustainableFinance,4,0.1314,0,-0.126144,0.38894399999999996,1,3,0,0.25,0,General forum
