year_month,unique_posts,mean_compound,median_compound,mean_ci95_low,mean_ci95_high,positive,neutral,negative,positive_share,negative_share
2024-07,65,0.12620307692307697,0,0.051789738451602785,0.20061641539455116,25,32,8,0.38461538461538464,0.12307692307692308
2024-08,54,0.1376037037037037,0,0.06254390698919064,0.21266350041821674,18,30,6,0.3333333333333333,0.1111111111111111
2024-09,63,0.043844444444444436,0,-0.019647869504089754,0.10733675839297863,15,40,8,0.23809523809523808,0.12698412698412698
2024-10,38,0.10079210526315789,0,0.005393537624612532,0.19619067290170325,13,21,4,0.34210526315789475,0.10526315789473684
2024-11,60,0.12802333333333332,0,0.06004199049451994,0.1960046761721467,22,34,4,0.36666666666666664,0.06666666666666667
2024-12,45,0.1105622222222222,0,0.009021634031214962,0.21210281041322943,17,21,7,0.37777777777777777,0.15555555555555556
2025-01,85,0.14067176470588233,0,0.07457401173506714,0.20676951767669752,31,44,10,0.36470588235294116,0.11764705882352941
2025-02,63,0.10040952380952382,0,0.04189069136417316,0.1589283562548745,19,39,5,0.30158730158730157,0.07936507936507936
2025-03,126,0.15437857142857145,0,0.10300391022171668,0.20575323263542622,49,68,9,0.3888888888888889,0.07142857142857142
2025-04,113,0.1552725663716814,0,0.10572470142049421,0.2048204313228686,45,62,6,0.39823008849557523,0.05309734513274336
2025-05,109,0.0891926605504587,0,0.03712033752589375,0.14126498357502365,37,59,13,0.3394495412844037,0.11926605504587157
2025-06,59,0.09018305084745763,0,0.02607925856262064,0.15428684313229463,17,36,6,0.288135593220339,0.1016949152542373
2025-07,210,0.12822428571428574,0,0.09367951461922594,0.16276905680934553,79,115,16,0.3761904761904762,0.0761904761904762
2025-08,183,0.129368306010929,0,0.09127879693645524,0.16745781508540275,67,104,12,0.366120218579235,0.06557377049180328
2025-09,206,0.14801456310679617,0,0.11080745412815857,0.18522167208543378,86,106,14,0.4174757281553398,0.06796116504854369
2025-10,202,0.06719158415841583,0,0.03274494277191958,0.10163822554491209,56,128,18,0.27722772277227725,0.0891089108910891
2025-11,229,0.09970480349344979,0,0.067157791625827,0.13225181536107258,78,135,16,0.3406113537117904,0.06986899563318777
2025-12,253,0.06851027667984191,0,0.03358021540951568,0.10344033795016815,67,156,30,0.2648221343873518,0.11857707509881422
2026-01,414,0.041157487922705314,0,0.012800722050938976,0.06951425379447165,98,255,61,0.23671497584541062,0.1473429951690821
2026-02,564,0.04994326241134759,0,0.02255548632983461,0.07733103849286058,148,323,93,0.2624113475177305,0.16489361702127658
2026-03,717,0.10114909344490924,0,0.07875818357398168,0.12354000331583681,229,404,84,0.3193863319386332,0.11715481171548117
2026-04,449,0.07776703786191534,0,0.05130805064087035,0.10422602508296033,128,266,55,0.28507795100222716,0.12249443207126949
2026-05,254,0.12748700787401585,0,0.0913326744115952,0.16364134133643649,96,128,30,0.3779527559055118,0.11811023622047244
2026-06,152,0.0990848684210526,0,0.049175304571072095,0.1489944322710331,53,81,18,0.34868421052631576,0.11842105263157894
